idr,N,sequence,R_e,R_e_err,R_g,R_g_err
GS0,0,,58.99808600183464,0.2263630084649136,32.5933,0.5122499389946279
GS8,16,GSGSGSGSGSGSGSGS,61.36500230986045,0.2850653511718299,34.4958,0.4098780306383839
GS16,32,GSGSGSGSGSGSGSGSGSGSGSGSGSGSGSGS,62.87611089360954,0.4560113902568078,35.4595,0.498998997994986
GS24,48,GSGSGSGSGSGSGSGSGSGSGSGSGSGSGSGSGSGSGSGSGSGSGSGS,64.45487812657773,0.2712064437220104,36.8032,0.5019960159204453
GS32,64,GSGSGSGSGSGSGSGSGSGSGSGSGSGSGSGSGSGSGSGSGSGSGSGSGSGSGSGSGSGSGSGS,65.88758272902743,0.3595653103163137,38.9576,0.5494542747126462
GS48,96,GSGSGSGSGSGSGSGSGSGSGSGSGSGSGSGSGSGSGSGSGSGSGSGSGSGSGSGSGSGSGSGSGSGSGSGSGSGSGSGSGSGSGSGSGSGSGSGS,70.90147324955427,0.2655799862595013,43.9476,0.6643794096749236
PUMA WT,34,VEEEEWAREIGAQLRRIADDLNAQYERRRQEEQH,55.92372460688949,0.2271904221892181,31.7852,0.402119385257662
PUMA S1,34,ELARQEERGIAVHYARQEQWANQLERERDEIERD,60.58162564153421,0.2208871175739659,34.8318,0.4667976006793523
PUMA S2,34,LEWLERRRQEEVAGQEYIRDNRAEQDRIAAEEQH,58.51141520452517,0.1487347868342166,33.6976,0.4906118628814431
PUMA S3,34,IHRAIDDQYERQLERQARLVWEEEGERERNEQAA,59.64037974127257,0.1064343778196146,34.1465,0.5145872132107443
p53,61,MEEPQSDPSVEPPLSQETFSDLWKLLPENNVLSPLPSQAMDDLMLSPDDIEQWFTEDPGPD,66.79257763949312,0.3106397488855953,38.1498,0.6390618123468182
FUS,163,MASNDYTQQATQSYGAYPTQPGQGYSQQSSQPYGQQSYSGYSQSTDTSGYGQSSYSSYGQSQNTGYGTQSTPQGYGSTGGYGSSQSSQSSYGQQSSYPGYGQQPAPSSTSGSYGSSSQSSSYGQPQSGSYSQQPSYGGQQQSYGQQQSYNPPQGYGQQNQYNS,66.17760653947259,0.1848593138044934,41.3009,0.6734240862933253
Ash1,83,GASASSSPSPSTPTKSGKMRSRSSSPVRPKAYTPSPRSPNYHRFALDSPPQSPRRSSNSSITKKGSRRSSGSSPTRHTTRVCV,65.56771562657089,1.62137462803457,39.2612,0.7868926229162401
E1A,40,MRHIICHGGVITEEMAASLLDQLIEEVLADNLPPPSHFEP,50.746396495590574,0.5624739688685357,34.3343,0.3994996871087635
